Zipcode,Population,Median Age,Household Income,Per Capita Income,Poverty Rate,Lat,Lng,Bank Count,Unemployment Rate
49058,19031,40.8,46777.0,22137,13.18375282,42.630691600000006,-85.29293840000001,9,5.312385055961326
71405,5687,35.8,55242.0,23941,15.73764727,31.4061799,-92.396174,12,4.571830490592579
20634,6562,31.9,79944.0,35961,9.295946358,38.2201614,-76.4967919,9,4.053642182261505
38487,762,41.6,38125.0,18884,24.40944882,35.7310368,-87.24192990000002,0,10.236220472440944
58466,509,44.5,69844.0,36981,9.430255403,46.559422399999995,-98.3481542,1,1.1787819253438114
89316,1513,38.7,63603.0,26280,14.87111699,39.564892,-115.9940986,1,0.6609385327164574
66507,1237,31.8,67500.0,23114,2.425222312,38.9793352,-96.0044121,1,1.5359741309620047
93637,40515,29.5,48974.0,17449,20.05183265,36.91529379999999,-120.20510959999999,0,3.2580525731210663
92392,54557,27.9,58667.0,19090,19.85446414,34.4854334,-117.42039740000001,14,7.027512509852081
49080,15624,40.9,53743.0,25048,11.97516641,42.446414000000004,-85.58179109999999,6,6.003584229390681
53118,7248,46.9,81619.0,38393,3.214679912,42.9902388,-88.49849909999999,2,3.187086092715232
14033,2170,44.3,81979.0,32764,6.728110599,42.662873700000006,-78.69092629999999,1,4.746543778801843
71331,841,34.3,37109.0,18372,24.61355529,31.269297299999998,-92.04691509999999,0,2.853745541022592
60645,46913,35.0,48918.0,25500,18.4192015,42.0105286,-87.6926257,197,4.63197834289003
46236,27509,40.3,80833.0,38140,4.74753717,39.9008411,-85.96110820000001,47,3.69697190010542
92285,2739,50.1,22917.0,17840,37.60496532,34.3350492,-116.5373923,1,5.768528660094925
46524,2541,32.0,60033.0,19849,13.34120425,41.3129797,-86.0325629,3,3.2270759543486816
83830,929,42.7,37244.0,16450,8.934337998,47.079516600000005,-116.38457659999999,0,0.0
10553,9895,40.7,58514.0,26137,15.26023244,40.907107200000006,-73.8213213,196,9.004547751389591
64480,325,57.5,65000.0,34670,11.69230769,40.0720342,-94.6657027,0,0.0
44629,2707,35.9,43545.0,19101,9.050609531000001,40.3480833,-81.4388858,2,3.3985962319911343
31405,37016,34.6,43051.0,23719,18.3623298,32.0371137,-81.1747498,49,5.149124702831208
28635,3920,35.6,30565.0,14292,23.57142857,36.333802500000004,-81.1306391,0,4.821428571428571
63039,1297,31.7,44521.0,18539,4.703161141,38.497733399999994,-90.8436885,6,6.939090208172706
63566,118,38.9,34107.0,15108,0.0,40.03619929999999,-92.9475662,1,0.0
11220,103089,32.4,37580.0,16263,30.76855921,40.6385229,-74.01532309999999,199,5.7852923202281525
36736,1756,42.3,28333.0,17708,33.20045558,32.0755092,-87.7664934,0,5.808656036446469
28618,1871,44.3,41929.0,23581,9.780865847000001,36.2119208,-81.5267282,1,1.817210048102619
53156,3054,42.4,53600.0,25161,9.790438769,42.8749223,-88.61448390000001,1,4.2239685658153245
90302,30502,32.4,43042.0,21718,18.77253951,33.9742906,-118.3520389,124,6.812668021769064
49616,1884,45.7,39145.0,18568,17.78131635,44.5769402,-86.0733498,4,8.65180467091295
12941,1374,44.6,72361.0,40100,8.806404658,44.3433912,-73.71925279999999,0,6.986899563318778
51448,653,40.8,44219.0,22819,11.332312400000001,42.2111665,-95.3311652,1,0.6125574272588055
14806,2161,41.6,49792.0,22379,17.26052753,42.1414761,-77.779537,1,4.025913928736696
44313,24611,41.0,48852.0,31436,14.68042745,41.1426985,-81.5706109,74,4.611758969566454
17737,5881,42.3,51007.0,24229,13.110015300000002,41.2806213,-76.6643728,3,6.512497874511138
19372,1536,35.3,75347.0,44586,2.799479167,39.999173799999994,-75.7618593,29,5.989583333333333
15081,342,50.2,31500.0,22177,20.76023392,40.5785167,-80.236488,35,1.4619883040935673
46617,9947,33.0,48726.0,27706,21.40343822,41.6841001,-86.231094,81,4.393284407359003
67849,486,43.0,63214.0,26015,4.938271605,38.146514,-99.7009754,1,1.2345679012345678
60137,38384,41.1,89386.0,47759,5.460608587,41.853696,-88.0607565,143,4.8197165485619005
49415,6260,44.3,51587.0,26853,6.757188498,43.166995899999996,-86.11410450000001,9,4.840255591054313
2056,11274,42.5,134104.0,43630,4.479332979,30.7554142,-100.5861245,0,2.0755721128259714
28436,2170,37.9,45417.0,22077,13.13364055,34.275507899999994,-78.27039509999999,0,8.15668202764977
75457,6116,40.7,39909.0,26517,15.89274035,33.172705,-95.20579090000001,7,2.9758011772400264
77328,15666,34.0,48250.0,19670,18.51780927,30.3792489,-95.1849219,0,6.038554832120516
35117,5550,37.5,72500.0,29385,13.53153153,33.679318200000004,-86.8922723,12,3.171171171171171
22025,16955,40.0,115000.0,48008,3.1082276610000004,38.5947311,-77.3381855,43,2.353288115600118
77373,55927,32.4,67742.0,25921,9.578557763,30.060545399999995,-95.38348540000001,36,4.171509288894452
22642,3912,37.1,76198.0,28685,10.60838446,38.9465403,-78.0766036,0,4.08997955010225
57004,3563,39.7,53958.0,25930,3.7047431939999997,43.0894534,-96.7922355,3,0.7858546168958742
31007,1105,41.8,29417.0,14202,18.64253394,32.1773202,-83.9426698,0,1.8099547511312217
98362,22052,47.5,43827.0,25914,14.38871758,47.950658600000004,-123.34560719999999,0,4.17195719209142
25669,908,44.0,35302.0,16972,23.78854626,37.9381897,-82.4644445,0,4.185022026431718
49781,4303,44.2,39838.0,23000,15.26841738,46.0316836,-84.75529770000001,0,8.226818498721823
11693,11335,39.1,50570.0,25149,21.44684605,40.6166766,-73.8272029,83,5.549183943537715
73673,352,53.6,40234.0,26554,16.19318182,35.0343164,-99.5673479,0,0.0
36688,545,20.1,,3086,0.0,30.6954595,-88.174414,102,11.009174311926605
16029,647,40.0,41875.0,22128,13.29211747,40.8756815,-79.84157900000001,17,5.873261205564142
85743,28858,41.2,69577.0,32411,7.422551805,32.3324642,-111.21296159999999,0,4.213736225656664
34209,33008,54.1,51572.0,28711,9.294716432000001,27.507373200000004,-82.6375402,65,5.586524478914202
38224,1044,39.2,36932.0,19238,20.11494253,36.4053896,-88.49849909999999,1,6.130268199233717
52560,483,44.6,53472.0,21979,11.18012422,40.8259755,-92.2335066,0,1.4492753623188406
78941,2754,45.7,40304.0,23115,11.29266521,29.757410600000004,-97.15747840000002,0,1.7792302106027595
50201,8139,40.4,56619.0,28908,7.777368227,42.065743,-93.45993259999999,7,3.538518245484703
86507,2464,24.1,22009.0,8346,48.29545455,36.410686600000005,-109.2593642,0,3.8555194805194803
93545,2214,40.6,32473.0,18444,18.06684734,36.5131184,-118.0888578,0,3.026196928635953
54151,3376,45.7,45813.0,23500,13.24052133,45.715354,-87.9804239,2,5.657582938388626
28076,1060,30.0,25221.0,9871,52.45283019,35.266252,-81.7932261,0,6.69811320754717
92843,44351,33.3,51991.0,17186,20.31972222,33.7675239,-117.9424743,172,5.515095488264075
47434,115,52.5,,21634,0.0,39.01260739999999,-86.54543220000001,0,0.0
24843,140,60.4,20673.0,14761,37.14285714,37.4731506,-81.7010143,0,0.0
73951,1085,28.7,43125.0,16762,22.94930876,36.9306369,-101.048549,0,3.225806451612903
36558,3946,42.1,42500.0,21410,13.71008616,31.572227500000004,-88.362785,0,4.688291941206285
43030,180,54.0,,27844,0.0,39.9595844,-82.4153441,11,0.0
17018,4175,47.1,58438.0,32552,6.682634731,40.401126299999994,-76.8836261,5,1.844311377245509
2382,14567,39.1,72462.0,32541,7.736665065,36.775953,-84.15721479999999,7,4.4964646117937805
97389,1576,36.5,46250.0,21717,16.18020305,44.5277138,-123.09415870000001,1,5.0761421319796955
48469,1175,56.4,44438.0,25798,14.63829787,43.423835700000005,-82.5510469,1,4.170212765957447
99737,4964,33.5,71250.0,32842,11.42224013,63.8367895,-145.12982590000001,0,3.243352135374698
27541,4295,45.1,56346.0,27996,5.797438882000001,36.260392200000005,-79.0871005,0,2.863795110593714
57078,18894,40.7,50660.0,27293,12.96178681,42.912412700000004,-97.4597725,14,2.4293426484598286
26205,3079,41.8,32128.0,16382,35.85579734,38.3297234,-80.62159100000001,2,3.085417343293277
25427,12630,42.9,54619.0,27919,10.72842439,39.51133239999999,-78.08801290000001,0,7.157561361836896
44867,2294,42.1,59268.0,27746,6.800348736,41.1388267,-83.0039075,1,3.4437663469921533
14855,988,29.3,43750.0,15913,20.85020243,42.1589149,-77.4931403,0,2.6315789473684212
42456,1438,39.6,47930.0,21130,14.534075099999999,37.5070164,-87.5593613,0,2.433936022253129
25571,2371,43.7,36650.0,16769,26.40236187,38.2770826,-82.18223990000001,5,2.2775200337410375
36701,22605,39.4,32136.0,20992,26.14023446,32.4800392,-87.0424393,11,6.1623534616235345
66088,2579,42.8,50667.0,25268,7.98759209,39.3183799,-95.43585300000001,1,3.334625823962776
72680,769,46.6,28750.0,23495,21.58647594,35.882520899999996,-92.2925911,0,0.0
75783,7486,45.1,40322.0,23210,12.03580016,32.8260186,-95.43585300000001,3,3.713598717606198
59201,5193,30.8,42699.0,17624,20.75871365,48.379169,-105.6163785,0,0.8858078182168303
78742,810,33.6,19688.0,15485,50.86419753,30.240605699999996,-97.6602365,13,6.91358024691358
7603,8231,38.7,77821.0,31670,8.832462641000001,40.043450799999995,-81.4263054,0,4.410156724577815
13068,5693,44.0,66480.0,30384,7.728789742000001,42.5014845,-76.35215140000001,3,3.0212541717899173
25253,2118,38.9,40245.0,18032,22.56846081,38.8993559,-81.9752995,0,2.5967894239848914
36619,15405,37.9,55962.0,24392,11.1716975,30.5960565,-88.19741479999999,42,3.4469328140214217
15937,601,45.7,65000.0,24503,5.158069884,40.208486900000004,-78.9885845,3,0.0
71834,1385,53.3,39821.0,23159,20.64981949,33.1515268,-93.9470396,0,5.415162454873646
71825,686,32.6,35625.0,13098,36.1516035,33.8682784,-93.5509074,0,12.82798833819242
54229,4123,40.4,68667.0,29538,5.918020858999999,44.5485744,-87.83532779999999,0,2.7407227746786322
25865,1368,38.8,65163.0,25341,10.30701754,37.725202200000005,-81.3619402,1,0.14619883040935672
25559,2105,41.9,55120.0,22464,11.11638955,38.323336299999994,-82.24746479999999,2,4.038004750593824
19057,18171,38.0,62863.0,25069,9.515161521,40.1344021,-74.8565613,82,4.903417533432393
78885,106,55.5,80417.0,38706,4.716981132,29.7918251,-99.5228528,0,0.0
84118,67019,30.4,61203.0,19777,12.23235202,40.6479987,-112.00590520000002,73,4.6404750891538225
58369,1306,38.9,29375.0,17469,30.93415008,48.9696899,-99.79176120000001,0,0.22970903522205208
85233,39027,34.7,75365.0,32900,7.628052374,33.351930100000004,-111.82108659999999,123,4.60450457375663
95237,3269,38.7,44542.0,22400,16.70235546,38.160627000000005,-121.14240009999999,2,6.271030896298562
59752,3236,44.0,51176.0,25177,8.683559951,45.886905299999995,-111.5684932,3,3.0902348578491967
10007,6525,34.0,216037.0,157713,2.206896552,40.7136487,-74.0087126,200,2.835249042145594
63935,9863,42.5,31208.0,16144,27.92253878,36.6488463,-90.9438468,0,5.657507857649803
17327,8190,46.7,67791.0,32177,3.504273504,39.77194229999999,-76.7567368,18,6.3247863247863245
22952,2088,46.3,43095.0,23158,5.651340996,37.9545568,-78.9627624,0,2.8256704980842913
57568,647,45.2,51700.0,28055,7.882534776,43.911993700000004,-100.12551640000001,1,0.9273570324574961
4010,1336,47.6,45592.0,25609,10.62874251,40.4342726,-77.236526,3,3.6676646706586826
55060,28884,39.4,54945.0,27727,10.431380699999998,44.0888533,-93.2181477,12,3.8117989198171998
62633,690,50.3,56250.0,27852,7.536231883999999,40.2065985,-89.8692203,1,6.086956521739131
96783,2149,40.4,31705.0,17613,21.77757096,19.8344853,-155.11358069999997,0,6.747324336900884
56453,855,41.0,50089.0,21875,12.86549708,46.3037542,-95.16285440000001,0,3.391812865497076
16870,6735,39.1,84808.0,37320,3.414996288,40.8033255,-78.08801290000001,0,2.256867112100965
30152,41689,36.7,74559.0,35046,7.404831011000001,34.0041089,-84.6583745,39,5.327544436182206
44305,21899,37.6,36944.0,18868,23.43486004,41.074591299999994,-81.460856,95,7.909036942326134
47232,3280,37.4,60128.0,21838,13.35365854,39.1100449,-85.7974141,0,6.280487804878049
54822,4585,39.9,48598.0,22565,11.23227917,45.4180506,-91.72119479999999,7,3.4242093784078516
30666,9287,37.3,53627.0,23167,8.301927425,33.9527142,-83.581615,3,6.546785829654356
36858,540,37.4,71563.0,25395,2.407407407,32.2912801,-85.29293840000001,0,1.6666666666666667
38870,2559,40.8,53443.0,22094,7.463853068,34.075296200000004,-88.3433623,1,3.204376709652208
49269,5954,43.0,48185.0,24291,19.83540477,42.285923100000005,-84.5850997,1,6.63419549882432
13495,2168,38.4,48576.0,24413,9.086715867,43.11428660000001,-75.27415570000001,31,7.195571955719557
58494,357,42.2,48500.0,29216,5.6022408960000005,47.1813085,-100.3049045,1,2.8011204481792715
23602,39925,36.7,61343.0,30030,10.43456481,37.1120848,-76.5372625,56,4.117720726361928
11105,36190,35.3,57525.0,33537,13.53688864,40.7787902,-73.9065883,200,5.667311411992263
71340,1612,33.7,30560.0,19909,8.498759305,31.820082799999998,-91.851343,2,3.101736972704715
7606,2371,39.4,68750.0,33300,4.555040067,47.368864200000004,-124.2303763,1,4.301982285955293
84072,529,30.3,48654.0,18735,0.756143667,40.3536565,-110.7360863,0,0.0
12148,4322,44.2,107540.0,44237,1.758445164,42.840262,-73.8536683,54,1.3882461823229986
55435,12286,46.9,56213.0,47347,3.8987465410000004,44.8721412,-93.3338547,116,2.2057626566824027
54747,2583,39.0,41755.0,22124,16.260162599999997,44.4083424,-91.50150090000001,0,3.097173828881146
67835,3105,33.4,52188.0,22510,13.68760064,37.990067700000004,-100.3048897,0,2.737520128824477
66614,31709,38.8,53673.0,30118,11.87675423,39.013101,-95.85121,17,3.1536787662808665
8324,670,42.5,67772.0,28069,14.47761194,46.9806601,15.741650699999997,7,7.164179104477612
60433,17220,35.4,43644.0,18967,18.63530778,41.4997384,-88.04608940000001,34,8.37979094076655
27249,12596,42.1,50095.0,25651,10.86852969,36.166377600000004,-79.5940544,0,4.89838043823436
95008,45187,37.3,87204.0,44023,7.395932458,37.2770029,-121.95299920000001,165,4.684975767366721
30601,21349,26.0,20884.0,13402,47.20127406,34.006845,-83.34687840000001,27,4.721532624478899
81087,192,26.8,34500.0,13210,2.083333333,37.350710299999996,-102.4495221,0,2.6041666666666665
1527,13264,43.0,71832.0,32329,5.247285887,33.653886799999995,-81.59899709999999,1,4.440591073582629
78214,23611,33.6,27222.0,13595,34.17898437,29.3172731,-98.46778509999999,30,5.6202617424082
8872,20041,37.7,72956.0,32666,6.366947757,47.141490000000005,9.098061300000001,15,5.004740282421037
23832,32263,37.2,75942.0,31379,4.745373958,37.397668599999996,-77.5963271,29,3.9301986796020207
78414,33033,34.0,75971.0,33464,5.542941907,27.647429600000002,-97.3624598,26,2.2341295068567795
77880,1637,48.8,38672.0,25386,17.95968235,30.267422600000003,-96.1739116,0,1.710445937690898
49234,2665,47.3,58250.0,30245,16.62288931,42.1277049,-84.3647199,1,1.5384615384615385
55396,2231,41.8,48919.0,23296,13.5365307,44.580169,-94.356513,3,3.3617212012550426
2717,4356,42.8,81150.0,32987,3.558310376,46.1252335,-86.5191127,0,5.211202938475666
78072,570,41.2,42083.0,21532,20.70175439,28.261052799999998,-98.6160674,0,0.5263157894736842
3448,662,50.8,45417.0,26556,12.08459215,36.8491276,-83.4786993,0,6.7975830815709966
76377,787,41.3,48750.0,22710,6.861499365,34.0190414,-98.2760021,0,2.6683608640406606
27358,14998,43.0,88382.0,40210,4.320576077,36.23450220000001,-79.88568240000001,4,2.653687158287772
34224,15432,60.1,39645.0,24929,14.34033178,26.9288268,-82.3126294,18,5.559875583203732
62025,33736,35.2,72877.0,34115,9.097106947999999,38.8414469,-89.9440061,24,3.7437751956367085
87528,3405,29.0,39725.0,16182,20.76358297,36.7078973,-106.9594723,0,7.63582966226138
32025,23341,35.2,39916.0,17493,16.04472816,30.111156,-82.5834947,0,8.24300586950002
61929,652,45.7,47891.0,23964,5.2147239260000005,39.8295453,-88.6530753,1,4.447852760736196
18223,122,43.7,49458.0,37056,25.40983607,40.992216799999994,-75.9350072,25,25.40983606557377
30236,44082,33.9,40107.0,21374,22.28347171,33.5213067,-84.3226488,28,7.8966471575699835
98106,23855,35.3,57875.0,27922,16.38230979,47.5476069,-122.35146529999999,173,5.818486690421295
41073,5810,37.7,53396.0,26881,9.432013769,39.0992398,-84.4776372,190,6.247848537005163
66052,2021,42.8,57848.0,27076,6.82830282,39.014128899999996,-95.04946020000001,0,5.591291439881247
61270,7159,45.2,54206.0,27990,8.436932532,41.8004348,-89.96267990000001,6,4.288308422964101
61604,31427,36.8,40630.0,21137,21.60880771,40.7001416,-89.6581073,50,5.272536354090432
85383,38400,36.7,101526.0,37735,3.5703125,33.7868136,-112.28608999999999,5,2.7447916666666665
15206,29098,36.6,33792.0,27733,20.10103787,40.472064200000005,-79.9136731,168,5.856072582308062
64639,257,48.9,57917.0,25446,4.2801556419999995,39.3794032,-93.238251,0,1.9455252918287937
49639,2617,40.7,41570.0,17687,14.97898357,43.831262100000004,-85.3756249,0,9.323653037829576
32683,337,45.9,36563.0,13575,59.94065282,29.2720518,-82.7751622,0,21.958456973293767
62340,1569,43.8,38036.0,20380,20.84130019,50.8621076,1.8577529,7,2.294455066921606
624,25340,34.2,14768.0,6761,59.56985004,37.165142100000004,-82.5247603,8,9.30544593528019
10913,5175,41.8,122857.0,46193,1.835748792,41.0711228,-73.9536163,70,3.6135265700483092
24137,2893,46.3,54979.0,30491,11.61424127,36.9109694,-79.6726632,0,3.3874870376771518
27853,659,42.8,25966.0,11178,40.06069803,36.5219992,-77.32095550000001,0,2.276176024279211
6444,134,29.7,103636.0,22178,0.0,35.9801029,-93.768637,0,10.447761194029852
76599,1480,35.0,,8815,0.0,31.474880300000002,-97.73674759999999,6,0.0
52141,1390,42.5,39679.0,21960,18.34532374,42.9497646,-91.6178011,1,1.7266187050359711
692,37618,35.0,18500.0,9273,49.20250944,37.2258653,-80.0582318,56,6.8557605401669415
56343,930,42.4,48417.0,24153,8.924731182999999,45.780001299999995,-95.7209968,2,3.225806451612903
17946,215,62.1,15469.0,10440,59.53488372,40.8058719,-76.2445864,12,6.511627906976744
84020,42751,30.4,89922.0,33164,4.392879699,40.496021500000005,-111.8687825,45,2.0607705082922037
93428,6393,58.4,59813.0,40682,7.961833255,35.592514200000004,-121.0564425,2,3.988737681839512
24083,2277,46.4,91295.0,47678,0.658761528,37.4047916,-79.92486690000001,19,4.567413263065437
59846,1148,58.5,52891.0,26606,10.27874564,47.13345220000001,-114.4918933,0,4.442508710801394
5492,727,41.0,53315.0,23399,12.1045392,55.392363,10.147391699999998,2,1.6506189821182944
10803,12439,39.7,140000.0,73808,3.006672562,40.8996475,-73.8036752,191,2.0660824825146715
30177,1369,35.9,33866.0,15101,10.44558072,34.4153599,-84.37260490000001,5,1.095690284879474
27043,6225,46.0,48410.0,24449,15.96787149,36.3334581,-80.4326521,7,3.502008032128514
60437,157,49.8,36563.0,23715,8.917197452,41.1815419,-88.5661953,0,2.5477707006369426
41649,3004,41.4,25458.0,15356,28.36218375,37.5806385,-82.8317486,3,0.6990679094540613
97396,2827,44.3,36848.0,18929,16.94375663,45.1916734,-123.51426200000002,0,8.560311284046692
35475,14315,33.9,69924.0,28117,3.548725114,33.4368605,-87.5593613,0,3.7024100593782747
54022,21786,28.8,60016.0,27608,14.18801065,44.858921,-92.57924820000001,6,3.465528320940053
76638,3083,41.2,77679.0,36692,7.362958158,31.536855300000003,-97.4489531,1,2.2380797924099904
28327,15333,40.6,51609.0,23841,14.78510402,35.40687,-79.42537759999999,5,5.008804539229113
19023,22710,30.2,38790.0,18351,24.02025539,39.92006129999999,-75.2683228,197,7.067371202113606
72722,3171,37.7,37198.0,16971,22.23273415,36.3438006,-94.4284985,2,1.1037527593818985
85262,11034,54.4,125884.0,80227,2.8729381910000003,33.791108,-111.8091625,2,1.5497553017944534
76031,17360,36.1,46714.0,20226,15.69700461,32.3470049,-97.330053,15,4.56221198156682
57429,109,36.1,40000.0,20763,2.752293578,45.1612271,-98.3147793,0,0.0
4622,1480,40.8,40104.0,20084,17.77027027,32.137964600000004,-94.999149,0,5.337837837837838
17938,2489,42.7,58409.0,23520,4.660506227,40.6551387,-76.4910093,3,4.901566894335074
50543,1562,44.5,44583.0,23616,15.87708067,42.2750407,-94.2743628,2,3.0089628681177976
8234,42491,39.3,71316.0,29387,8.020521993,47.3908128,15.9799981,11,7.1403356004801015
94539,51494,41.2,143949.0,50701,3.6256651260000003,37.514844399999994,-121.91317609999999,57,3.342136947993941
52533,1626,42.6,49938.0,21050,7.626076261000001,41.0393072,-92.16467220000001,0,4.182041820418204
12456,707,37.5,48993.0,17639,2.121640736,42.0344874,-73.9976946,12,6.364922206506365
48191,3736,41.8,72204.0,25659,10.59957173,42.1247778,-83.5603112,0,6.691648822269808
13402,1587,46.4,43387.0,19660,22.054190300000002,42.8958176,-75.5160235,4,1.0081915563957151
21061,53491,36.0,60430.0,29841,10.73077714,39.1511679,-76.6239423,68,4.7933297190181525
7724,21758,41.7,78064.0,39958,6.135674235,31.870412800000004,-85.9890392,3,5.547384869932898
97022,3208,43.9,66927.0,24343,10.28678304,45.3551259,-122.32934820000001,8,6.920199501246882
38049,4572,36.2,32386.0,24972,20.822397199999997,35.3676615,-89.5308903,0,5.57742782152231
27262,24635,38.5,39867.0,22889,21.29490562,35.9679365,-80.0423151,31,5.597726811447128
53588,3831,44.8,58086.0,29862,9.814669798999999,43.213393700000005,-90.1120696,6,1.6966849386583138
79021,104,26.5,56250.0,17961,25.96153846,33.950083500000005,-102.0004411,0,0.0
68930,1430,44.7,44643.0,22939,11.11888112,40.2860295,-98.4403573,1,1.3986013986013985
17774,1261,35.7,45795.0,20033,13.79857256,41.2642364,-76.5257007,0,2.379064234734338
92543,34406,36.5,26909.0,14425,30.7795152,33.6991526,-116.9793554,26,8.7165029355345
12804,26308,44.6,60152.0,32970,9.14550707,43.322861100000004,-73.7242486,31,3.1055192336931734
69334,2305,46.5,43575.0,21241,12.10412148,41.813568,-103.31252990000002,1,2.9067245119305856
55063,9171,43.2,47556.0,22709,13.60811253,45.823250200000004,-92.97038540000001,6,4.74321229964017
56529,4047,32.2,46116.0,21554,16.48134421,46.8772685,-96.6962754,31,1.7543859649122806
36370,929,43.9,44018.0,21152,10.33369214,31.137570699999998,-85.1583064,0,3.6598493003229278
39180,33827,37.1,40661.0,21209,24.25577202,32.2170441,-90.8675134,1,3.6243237650397613
78611,13226,44.6,48409.0,23381,15.18977771,30.7699023,-98.265058,7,2.2304551640707695
49112,10253,39.5,49712.0,21768,12.05500829,41.7917622,-86.0325629,7,4.008582853798888
57785,9276,45.9,38638.0,24036,14.80163864,44.415470299999996,-103.50900250000001,5,1.3906856403622252
10984,3317,42.5,112016.0,39093,0.45221585799999997,41.2099325,-74.01532309999999,36,2.954476936991257
44708,25341,42.8,44731.0,26042,14.60873683,40.8122437,-81.4388858,104,5.011641213843179
35951,12839,35.7,37210.0,19602,20.91284368,34.338736700000005,-86.19551690000002,12,6.534776851779734
57075,791,52.9,49375.0,39309,14.41213654,43.977677899999996,-96.98534740000001,0,1.6434892541087232
79416,32772,26.2,45937.0,23645,19.80349078,33.603617799999995,-101.9690458,44,3.893567679726596
16153,2686,44.6,50714.0,22506,15.93447506,41.3229151,-80.0870155,2,2.8667163067758747
37923,27624,37.0,53893.0,30167,11.23298581,35.92760620000001,-84.0854432,95,5.216478424558355
12010,28802,41.7,44256.0,25059,17.609888199999997,42.9297842,-74.14748459999998,12,5.593361572113047
42717,6711,43.4,30985.0,16875,23.31992252,36.7776446,-85.354965,3,6.154075398599314
26202,762,42.1,49205.0,17950,3.543307087,38.225181400000004,-80.62159100000001,1,0.0
33542,21178,54.2,32174.0,20291,19.20861271,28.233326799999997,-82.17680179999999,15,6.242326943054112
63038,6631,45.5,106513.0,54149,2.684361333,38.5775338,-90.6867939,14,2.865329512893983
6062,17767,42.4,60630.0,32531,6.613384364,-31.8872484,115.90540619999999,110,4.930489109022345
77520,37735,32.1,43409.0,18650,21.62978667,29.7299827,-94.9870491,21,5.559825096064661
76373,281,36.4,45948.0,15359,0.0,34.1466902,-99.1234795,0,0.0
12429,273,38.7,114129.0,43122,0.0,41.8214302,-73.96243270000001,9,16.84981684981685
61606,7989,21.9,35904.0,17917,30.27913381,40.6974655,-89.6133926,57,4.794091876329953
26807,2886,45.6,36550.0,20860,18.19126819,38.651899799999995,-79.40286390000001,3,1.8711018711018712
60018,28749,39.9,54688.0,25289,11.30821942,42.0144814,-87.89915140000001,148,4.459285540366621
38844,153,58.9,36071.0,20537,16.99346405,33.8176859,-88.2558525,0,0.0
23146,3107,47.0,77207.0,37414,5.857740586,37.736330200000005,-77.7223162,2,2.0598648213710975
65017,1580,44.2,42083.0,19123,20.56962025,38.0582333,-92.4801989,1,5.569620253164557
30120,37250,35.9,44141.0,20678,19.53288591,34.1577811,-84.8776392,12,5.731543624161074
49048,25434,34.9,41443.0,20479,24.02296139,42.276643299999996,-85.50972259999999,37,7.19902492726272
6019,10249,45.1,88281.0,44781,3.766221095,-31.896864,115.76343659999999,92,3.336910918138355
73743,132,42.5,50000.0,24770,7.575757576,36.5664065,-97.9933488,0,0.0
92252,10047,45.0,42338.0,22951,18.77177267,34.193766,-116.2540856,1,8.858365681297899
17214,1158,44.7,52112.0,29722,8.635578584,39.753684,-77.47306529999999,5,1.9861830742659758
58647,1156,47.0,49375.0,26557,5.882352941000001,46.4819779,-102.913013,1,0.25951557093425603
98051,3852,42.3,77623.0,32555,6.464174455,47.329858200000004,-121.87948529999998,0,6.308411214953271
23665,5593,22.2,52313.0,18789,3.969247273,37.0860239,-76.3579401,32,0.7509386733416771
59743,159,57.4,39293.0,27250,20.12578616,45.689862700000006,-112.63726509999998,0,2.5157232704402515
49036,23706,41.6,42635.0,21336,14.79794145,41.9327779,-85.0649071,17,4.716105627267359
12759,2033,30.1,37902.0,13996,25.62715199,41.775259000000005,-74.65760909999999,10,10.477127397934087
79705,32784,36.8,68649.0,38947,8.906783797000001,32.0688848,-102.0946818,49,2.321254270375793
4637,123,65.4,31125.0,33564,2.43902439,29.344255699999998,-98.980857,0,0.0
6883,10261,42.5,207262.0,90552,1.773706266,47.3007799,9.960324900000002,6,2.8749634538544
35801,22253,44.0,59352.0,41807,8.668494136,34.7364493,-86.55016540000001,68,3.586033343818811
77378,14151,34.7,48136.0,24117,19.37672249,30.4882668,-95.3311652,0,3.0315878736485056
63951,219,48.8,47768.0,20417,25.11415525,37.0826711,-90.2620042,0,0.0
47932,5381,42.5,53462.0,26981,8.028247537999999,40.1366826,-87.40091650000001,4,4.999070804683145
75942,289,38.1,43512.0,15008,26.29757785,30.818214299999998,-94.4288102,4,6.228373702422146
2543,736,49.7,66250.0,50348,8.559782608999999,38.5324071,-82.69538979999999,38,3.9402173913043477
51049,476,47.9,47847.0,22334,12.39495798,42.6366175,-95.6563119,0,2.9411764705882355
92115,61084,27.5,41866.0,21011,25.69576321,32.761275899999994,-117.07352409999999,111,6.437037522100714
16699,820,34.7,,4506,0.0,40.46,-78.59,8,0.0
28529,2653,45.1,41858.0,20985,16.50961176,35.0797761,-76.8836261,0,5.390124387485865
25414,17147,40.1,72833.0,32308,11.13897475,39.25360870000001,-77.87102850000001,15,4.630547617659066
27549,24784,40.3,36969.0,20001,18.5321175,36.0730279,-78.24761459999999,7,7.847805035506779
14113,630,45.6,47500.0,33149,10.31746032,42.6839855,-78.3273245,0,3.015873015873016
91405,54435,32.0,38847.0,17645,26.1100395,34.2037124,-118.45719740000001,175,7.443740240653991
92111,47271,35.9,57350.0,27391,18.79799454,32.825642699999996,-117.15588670000001,139,5.584819445325887
69101,29745,38.4,45156.0,25867,11.58177845,41.2169959,-100.7548851,2,3.1501092620608504
97229,59983,37.8,100063.0,44657,4.851374556000001,45.55939779999999,-122.807445,59,3.4776520014003967
22066,19475,43.5,214219.0,89776,1.201540436,39.0188593,-77.30946740000002,53,1.9409499358151476
48084,14689,37.0,84331.0,44055,5.568792974,42.558657200000006,-83.18097759999999,120,3.0635169174211994
35907,8339,40.7,70147.0,26791,5.144501739,33.8890435,-86.0325629,4,4.245113322940401
37743,26696,44.8,34855.0,19552,21.76730596,36.094122600000006,-82.8640623,3,4.738537608630507
730,37931,37.0,16259.0,9768,50.79486436,45.9145209,-119.279444,5,8.808098916453561
57725,110,66.6,57841.0,21549,16.36363636,43.9365164,-102.8514837,0,11.818181818181818
76310,18492,37.2,63646.0,27924,10.19900498,33.7928627,-98.5062007,7,2.8066190785204412
59542,262,34.0,33214.0,17982,13.74045802,48.8372286,-108.31205790000001,0,0.0
76135,20550,39.8,52945.0,27715,13.94160584,32.844703700000004,-97.4705935,12,4.2773722627737225
13637,4270,28.4,55104.0,23870,18.64168618,44.096328299999996,-75.8301537,3,5.784543325526932
37345,2155,46.0,38688.0,20549,15.68445476,35.046689,-86.23617440000001,1,5.846867749419953
63030,315,41.0,49441.0,22871,7.936507937000001,38.1348152,-90.74377609999999,0,5.079365079365079
26574,553,40.9,44038.0,21078,21.15732369,39.5562628,-80.1777417,3,1.9891500904159132
33559,16952,34.4,55643.0,27345,11.43817839,28.153776699999998,-82.41568290000001,53,5.067248702218027
27822,8082,43.6,46250.0,21943,18.70824053,35.7978006,-77.85959629999999,7,6.916604800791883
69130,5411,41.6,46899.0,21825,12.84420625,40.8911427,-99.9465077,4,1.515431528368139
46996,7358,40.1,45412.0,20784,16.5941832,41.032663799999995,-86.70138940000001,1,4.145148138081001
12464,935,58.1,49911.0,37118,3.6363636360000005,42.074861799999994,-74.3352858,2,4.598930481283422
59453,337,42.4,38750.0,20918,10.08902077,46.626670700000005,-109.76283059999999,0,1.1869436201780414
72347,689,45.3,31471.0,19479,15.38461538,35.364439000000004,-91.0011902,1,1.4513788098693758
13312,320,56.1,41250.0,30699,14.6875,43.712777100000004,-75.1778853,0,5.625
41046,1991,24.0,37585.0,13209,27.22250126,38.7099232,-84.7889907,0,6.981416373681567
29834,1344,38.9,32375.0,16178,20.83333333,33.5199743,-81.8422446,9,10.267857142857142
83634,25875,31.0,59221.0,16711,16.45217391,43.4356614,-116.2605101,0,3.3545893719806763
68005,24163,34.2,53794.0,25101,13.99246782,41.1596468,-95.90927540000001,32,5.078011836278608
11722,38241,33.1,67023.0,21935,10.82869172,40.7881249,-73.1939612,114,5.912502288120081
48659,2781,43.1,44315.0,19879,12.54944265,44.1093153,-83.9955879,0,3.9554117224020136
55342,2065,42.2,55982.0,26832,7.89346247,44.7137564,-94.76915859999998,1,3.9225181598062955
28395,1953,39.5,39813.0,23319,18.02355351,35.1401497,-78.7589558,1,6.298003072196621
79703,21214,30.5,57842.0,23946,8.80079193,31.981042300000002,-102.1346874,79,2.257942867917413
58075,9028,35.9,51179.0,27588,12.72707133,46.2817215,-96.69927779999999,11,2.071333628710678
33025,57766,32.9,51822.0,23660,12.01398747,25.9906428,-80.2793593,112,6.3480247896686635
47367,123,39.8,41250.0,16255,0.0,40.07752670000001,-85.39175990000001,0,0.0
13335,1721,41.4,52083.0,22636,12.66705404,42.7015231,-75.27123929999999,1,5.57815223707147
19076,6606,36.2,67727.0,26908,10.44504995,39.885086,-75.3091483,144,3.9509536784741144
68147,10339,33.0,53997.0,22024,17.55488925,41.177520799999996,-95.95153990000001,61,3.0273720862752684
84764,163,27.0,38750.0,19698,24.5398773,37.621533500000005,-112.1549442,1,0.0
38229,2948,43.5,36800.0,19886,17.33378562,36.2334,-88.61448390000001,2,4.274084124830393
70748,6440,43.0,41489.0,17350,17.14285714,30.8328549,-91.20252070000001,2,1.7080745341614907
97711,123,34.5,27188.0,12480,41.46341463,44.7135374,-120.61496840000001,0,7.317073170731708
50315,35873,34.4,41793.0,20989,16.15421069,41.534655799999996,-93.6116494,55,5.223984612382572
23228,33844,35.1,44224.0,23998,15.56258126,37.616445299999995,-77.4816693,115,5.939014300910058
32535,6015,37.8,34107.0,13066,14.28096426,30.9724762,-87.37114770000001,0,4.538653366583541
49893,2008,47.9,59696.0,27882,8.964143426,45.293275200000004,-87.6120353,0,3.8844621513944224
38504,1167,38.6,46786.0,19634,9.340188518,36.396687899999996,-84.7420032,0,3.770351328191945
5483,1481,35.9,65039.0,24743,7.4949358539999995,46.738712400000004,-92.2849525,2,1.2153950033760972
93954,222,31.8,39167.0,12520,40.54054054,36.118472600000004,-120.95894960000001,0,13.513513513513514
13635,837,46.0,33194.0,21320,17.68219833,44.2825835,-75.2452318,0,5.615292712066906
3048,3513,43.6,62321.0,28864,11.07315685,32.4402155,-91.7290464,5,5.60774267008255
17097,746,44.6,49904.0,25655,6.702412869,40.572084999999994,-76.6860267,3,4.825737265415549
22027,2567,44.9,187768.0,61580,4.830541488,38.8934705,-77.22039659999999,196,4.830541488118426
97146,5795,40.1,41192.0,23133,17.01466782,46.1278512,-123.92744099999999,3,4.728213977566868
47670,12140,39.5,45915.0,23971,12.42174629,38.354474700000004,-87.5593613,10,3.896210873146623
43050,28612,41.9,42576.0,23495,16.33230812,40.3521894,-82.51858370000001,11,4.526072976373549
39097,495,58.0,26838.0,17399,34.94949495,33.0100039,-90.58253590000001,0,5.252525252525253
93925,1708,32.5,70909.0,23642,7.142857143,36.5999881,-121.37703359999999,0,4.508196721311475
33029,47086,36.6,88264.0,30976,3.32370556,25.9839048,-80.4326521,14,5.7639213354287895
74066,31116,38.9,44675.0,22844,13.51716159,35.998095899999996,-96.13149279999999,13,3.911171101684021
85553,1441,64.6,36442.0,28245,16.93268563,33.8102795,-111.2368084,0,0.0
7718,6143,40.5,87398.0,36267,6.82077161,29.091596000000003,-98.8632494,6,7.520755331271366
74456,231,30.6,27750.0,16345,23.37662338,35.7124995,-95.9918507,2,1.7316017316017316
32187,1996,46.5,30300.0,18933,15.88176353,29.5775097,-81.5486728,0,4.809619238476954
59529,143,57.2,115938.0,70966,1.3986013990000001,48.7645002,-108.7498486,0,0.0
45646,361,41.3,82604.0,28220,7.202216066,39.0791318,-83.34687840000001,0,4.43213296398892
6801,18911,40.9,85884.0,38941,3.870763048,47.3810193,-92.64285140000001,0,5.806144571942256
1585,4646,45.7,62667.0,31262,10.03013345,36.834942600000005,-87.70381809999999,0,5.832974601808007
72036,757,47.0,22361.0,13850,26.68428005,35.0101733,-91.2698475,0,5.1519154557463676
8540,47316,37.5,125439.0,61810,4.161383042,39.851778499999995,-106.8455943,0,3.068729393862541
25111,723,43.4,36417.0,15064,32.08852006,38.3920732,-81.1526976,0,0.6915629322268326
65243,3176,29.3,55885.0,16802,25.15743073,39.280975500000004,-92.3427191,1,3.9672544080604535
14411,14257,39.9,42967.0,18461,13.60735078,43.2229834,-78.24761459999999,5,4.83271375464684
62449,2971,41.5,46765.0,25332,8.347357792,39.0104562,-87.89424509999999,3,2.4907438572871086
35956,8716,40.0,46844.0,19615,12.32216613,34.1586286,-86.11410450000001,11,4.210647085819183
82934,239,33.1,32450.0,13016,7.112970711,41.5937675,-109.9973244,0,4.602510460251046
12789,1887,37.5,51827.0,23318,10.81081081,41.691885799999994,-74.58147729999999,4,10.651828298887123
59087,506,48.3,41250.0,22816,10.27667984,47.0113803,-108.2242196,0,1.1857707509881423
28226,37412,41.1,68291.0,48777,6.388324602000001,35.1173473,-80.7990185,113,4.188495669838554
15018,668,44.1,50588.0,20773,13.32335329,40.286781,-79.7876449,15,6.137724550898204
78351,564,37.0,36985.0,16011,20.74468085,27.665438199999997,-97.7538935,0,0.5319148936170213
99506,7499,22.0,60753.0,19565,4.867315641999999,61.274403099999994,-149.7871533,10,2.0002667022269636
28208,34474,32.9,28435.0,14056,31.94001276,35.212973,-80.9097127,99,11.28676683877705
95246,1207,52.8,47379.0,29646,5.21955261,38.244955299999994,-120.50487920000002,0,6.296603148301574
63014,467,48.4,32188.0,19712,22.48394004,38.666228600000004,-91.3469247,1,1.7130620985010707
6422,7380,42.5,124179.0,47679,0.93495935,40.1936997,-105.85149720000001,1,2.7235772357723578
46312,29584,29.8,27583.0,13497,35.46849648,41.642826899999996,-87.45048879999999,51,6.202677122769065
60091,27268,43.8,129551.0,67089,2.9778494939999995,42.080574299999995,-87.7320368,151,1.8813260965233973
58503,27196,37.3,81341.0,38377,4.416090602,46.8871785,-100.7209975,17,1.6583321076628916
14715,2763,40.2,45030.0,22257,15.63517915,42.0765655,-78.1792434,2,4.632645674990952
97721,610,30.7,27321.0,11412,50.98360656,42.58252,-118.521529,0,2.1311475409836067
49098,6388,37.0,42237.0,18480,21.08641202,42.1549524,-86.23617440000001,5,5.682529743268629
10303,24537,31.1,51537.0,22077,21.82825936,40.6311444,-74.1739057,174,4.01027020418144
76950,4069,35.5,53500.0,27732,7.176210371,30.3776869,-100.5296115,0,0.8847382649299582
72315,24120,34.4,37044.0,19837,23.58623549,35.8933774,-89.9066314,15,4.776119402985074
67839,1251,46.8,49773.0,30282,9.67226219,38.4456222,-100.3497895,0,2.0783373301358914
18237,3848,39.1,42140.0,20172,11.9022869,40.8888417,-75.9985693,13,6.133056133056133
3276,8394,41.9,58449.0,25690,13.17607815,32.2819566,-93.785344,2,2.573266619013581
94040,33852,35.7,99375.0,54558,8.599196502,37.3785351,-122.08658500000001,102,3.80184331797235
24281,2691,37.6,22902.0,15557,37.08658491,36.6591508,-83.3148018,2,6.726124117428466
23055,936,48.0,59648.0,21737,1.388888889,37.7788311,-78.2362225,1,0.0
52315,958,42.4,61750.0,27831,1.461377871,42.00128839999999,-92.0077316,2,1.1482254697286012
61062,1964,40.7,60000.0,26087,9.266802444,42.2755343,-89.81303559999999,1,4.175152749490835
83122,469,36.1,83333.0,28556,0.0,42.82182589999999,-110.95662450000002,0,2.55863539445629
40060,1115,44.2,40813.0,18390,14.08071749,37.530278499999994,-85.4581859,0,5.560538116591928
8859,21594,38.9,79835.0,35353,6.075761786,42.696067299999996,26.4123787,22,4.718903399092341
31771,6207,32.9,33524.0,17690,20.62187852,31.266414500000003,-83.6561215,0,6.009344288706299
60565,40864,40.8,113581.0,45408,3.57527408,41.735359100000004,-88.1193763,129,3.807752545027408
45036,38476,36.9,68633.0,27591,7.74768687,39.445842,-84.2067992,23,4.376754340368022
40769,18135,36.9,27221.0,14298,27.19602978,36.7434075,-84.1598641,7,5.18334711883099
54979,1400,42.9,65313.0,26566,1.714285714,43.867169,-88.5081765,3,2.357142857142857
72401,55197,31.6,34819.0,20130,26.8456619,35.8916172,-90.658333,28,5.436889686033661
50002,1338,41.3,40550.0,23974,15.3961136,41.5283965,-94.6243751,2,2.690582959641256
85606,1426,53.4,27406.0,17731,25.245441800000002,32.054524,-109.9020509,0,7.713884992987377
44147,19331,42.1,76021.0,37217,6.533547152000001,41.33031,-81.6802054,63,3.6676840308313072
48386,18081,42.9,74321.0,33301,6.448758365,42.6489461,-83.4750241,29,5.337094187268403
8854,56874,33.2,91164.0,32262,4.9706368460000006,33.8528941,-109.1824567,0,5.1921792031508245
49411,1523,47.1,44450.0,25531,13.59159554,44.0925394,-86.2767995,0,4.9244911359159556
1469,7044,40.4,78985.0,34037,4.997160704,37.3032872,-82.6466401,2,3.8330494037478706
85250,16653,48.6,59358.0,39968,7.788386477,33.5243639,-111.8985922,102,3.2486639044016092
48416,4986,38.6,43397.0,20143,14.64099479,43.2102347,-82.97166170000001,4,7.320497392699559
12156,933,40.5,64107.0,31616,12.96891747,42.479866200000004,-73.7360175,9,1.9292604501607717
7082,5107,45.9,129432.0,59216,3.3091834739999997,47.9623949,-92.8937893,0,4.072841198355198
16665,291,43.3,27188.0,19095,19.24398625,40.3922417,-78.4346936,23,15.120274914089347
30564,3714,40.5,64213.0,23422,9.71997846,34.4762579,-83.8579053,6,3.392568659127625
52362,670,49.1,38359.0,27973,3.582089552,42.054037799999996,-91.0011902,3,1.791044776119403
47591,26995,37.1,40815.0,20681,14.11002037,38.605823,-87.5198011,11,3.356177069827746
47967,924,35.5,53462.0,19191,9.632034632,40.177966299999994,-86.9924358,1,5.8441558441558445
41564,1312,34.3,41806.0,16302,19.89329268,37.614305200000004,-82.3560389,0,4.2682926829268295
65332,1656,40.3,40511.0,18929,14.00966184,38.624736299999995,-93.39937509999999,1,3.743961352657005
71353,1646,43.4,26719.0,19660,36.39125152,30.68885,-91.7441475,1,2.2478736330498177
54733,1305,41.3,50809.0,23292,10.57471264,45.265364899999994,-91.8695542,3,2.835249042145594
73771,450,48.9,45536.0,27035,6.8888888889999995,36.9049895,-97.91570990000001,1,5.777777777777778
98358,1237,51.6,51146.0,28010,6.224737267999999,48.055251,-122.69570729999998,4,7.19482619240097
51433,582,48.3,47500.0,22422,6.013745704,42.2708877,-94.8728093,0,1.0309278350515463
54524,743,44.7,43047.0,24178,18.43876178,45.846243900000005,-90.40548609999999,0,5.248990578734858
11385,99379,35.0,50799.0,23272,18.03298484,40.698070799999996,-73.8948295,199,4.124613852021051
90003,66200,26.2,29686.0,9963,39.02114804,33.9657994,-118.27312690000001,114,6.4395770392749245
45328,692,30.4,43750.0,14939,28.03468208,40.112488899999995,-84.49403149999999,3,9.248554913294798
30268,9736,32.7,47421.0,22939,12.48972884,33.5272883,-84.7106567,1,7.025472473294988
97875,2707,36.0,55478.0,22277,11.89508681,45.8063701,-119.1698118,1,4.396010343553749
45684,1862,40.8,47517.0,18795,13.58754028,38.6432345,-83.1863358,2,5.639097744360902
64625,549,43.7,36250.0,20795,17.12204007,39.7340069,-93.80448309999998,1,3.278688524590164
20143,1081,42.8,139938.0,51051,2.405180389,38.856837299999995,-77.5676735,21,0.0
12831,17644,40.3,71393.0,33481,3.8823396060000004,43.2029076,-73.6771662,1,2.5731126728632963
33614,48125,35.5,35098.0,18039,23.22701299,28.013386199999996,-82.5077593,147,6.518441558441558
15656,10208,43.9,47658.0,25820,12.27468652,40.632765899999995,-79.6277523,15,4.085031347962382
53936,2555,37.3,44583.0,13364,5.596868885,43.8382903,-89.70981850000001,1,2.73972602739726
97633,1416,36.3,40742.0,18448,17.51412429,42.015339700000006,-121.5405251,2,7.415254237288136
2802,919,37.2,48456.0,42134,0.0,37.7402417,-85.9037566,31,1.5233949945593035
77434,4701,34.2,35105.0,16735,23.73962987,29.521958500000004,-96.3438785,1,7.572856838970432
18473,432,41.8,50052.0,27326,19.90740741,41.529045,-75.21435840000001,20,1.8518518518518519
83638,5876,43.3,53850.0,26119,6.262763785,45.0942822,-115.89805159999999,0,1.3784887678692987
87734,190,60.4,42813.0,19060,44.73684211,36.2069433,-105.0791228,0,0.0
24887,125,14.8,,4526,88.8,37.3761297,-81.37933659999999,0,0.0
28732,15406,40.6,45273.0,26177,9.269115929,35.439356599999996,-82.4536115,10,3.1611060625730234
47952,2685,45.5,37232.0,20271,18.212290499999998,39.97092670000001,-87.32149079999999,2,6.368715083798882
38858,7392,39.1,38586.0,18655,23.80952381,34.1222666,-88.53719579999999,0,4.707792207792208
80831,22256,35.0,81000.0,31028,6.411754134,38.9458493,-104.51892140000001,5,4.574047447879224
97366,1301,58.8,53135.0,36010,4.996156802,44.5772172,-124.053674,10,4.765564950038432
53018,8120,43.3,94873.0,42783,3.1773399010000003,43.0373723,-88.3919026,28,3.522167487684729
56358,3353,41.2,49091.0,20779,13.9874739,45.832587700000005,-93.46419200000001,0,8.798091261556815
67661,3352,45.4,40882.0,23569,8.293556086,39.8554659,-99.2785583,0,2.863961813842482
34744,44675,36.2,45589.0,19455,17.42585339,28.2923689,-81.3289397,42,5.578063794068271
49874,1208,46.9,35729.0,19398,15.64569536,45.7436299,-87.4928554,1,6.456953642384106
31547,952,22.0,45238.0,24428,12.18487395,30.783719,-81.55141540000001,12,0.0
23440,483,55.7,40833.0,20990,21.32505176,37.835345000000004,-75.9898631,0,1.4492753623188406
57658,329,33.5,15833.0,7979,55.31914894,45.6837886,-100.538779,0,10.33434650455927
5736,788,48.4,56313.0,36613,0.76142132,29.322153000000004,-98.880571,6,4.949238578680203
25699,119,42.0,11875.0,6104,89.91596639,37.9719124,-82.3343375,0,8.403361344537815
37336,4864,44.4,48066.0,22370,14.76151316,35.3059815,-84.9193082,3,4.0707236842105265
5156,9529,43.6,48872.0,25574,13.62157624,46.4130632,-113.5408598,0,3.326686955609193
54458,150,36.5,56389.0,20718,17.33333333,44.496002600000004,-89.3099437,4,0.6666666666666666
97321,24852,41.1,60271.0,27961,11.657009500000001,44.639304100000004,-123.13230060000001,24,5.822469016578142
6069,2440,57.0,73958.0,54815,6.557377048999999,-31.7645555,116.005922,9,2.1721311475409837
37764,9241,41.1,46102.0,22642,15.56108646,35.9848005,-83.6135572,5,7.823828589979439
80482,1151,46.5,61000.0,39984,1.563857515,39.8486665,-105.80554709999998,0,0.6950477845351868
79345,968,41.1,53281.0,22971,17.355371899999998,33.3181424,-102.5068597,0,1.5495867768595042
88337,2487,48.1,46996.0,23700,6.3932448729999996,33.00648880000001,-105.86425929999999,0,6.151990349819059
13827,11795,44.2,56025.0,28315,8.71555744,42.1310032,-76.247912,7,5.375158965663417
61013,488,50.2,55000.0,27283,11.2704918,42.3717296,-89.63163759999999,3,2.6639344262295084
60622,54272,31.1,68923.0,43393,14.77557488,41.90130870000001,-87.68276759999999,200,4.47376179245283
72833,4297,36.7,41512.0,17870,21.73609495,35.0111286,-93.48013490000001,0,2.606469629974401
72079,766,44.2,34375.0,20873,10.31331593,34.38914129999999,-92.1941598,1,2.741514360313316
28349,4277,38.3,39057.0,15572,17.9331307,34.9812417,-77.9053182,4,3.2733224222585924
68723,513,51.2,59000.0,25617,5.653021442000001,42.2844717,-97.2221421,1,0.7797270955165692
68317,1531,40.4,79063.0,30851,3.135205748,40.6740936,-96.5143087,1,2.5473546701502285
44510,2543,35.5,13917.0,9907,52.02516713,41.1280414,-80.6715317,65,14.942980731419583
77031,18079,30.5,39278.0,17932,25.07328945,29.655825699999998,-95.5459787,110,5.000276563969246
78004,1397,44.7,124592.0,41737,0.0,29.8539024,-98.5336525,0,3.1496062992125986
67530,19576,39.1,43352.0,26179,14.727217000000001,38.34232120000001,-98.81422640000001,22,4.428892521454842
29170,21101,36.8,56415.0,25261,9.824178949,33.934921,-81.1526976,16,4.848111463911663
67351,587,48.1,84250.0,30635,6.8143100510000005,37.135397499999996,-95.55122800000001,0,1.192504258943782
27283,3124,43.4,52015.0,27215,7.458386684,35.955135399999996,-79.63898209999999,0,5.217669654289373
42031,3251,49.1,32123.0,18442,24.17717625,36.6699583,-88.9988098,2,5.505998154414026
18914,21694,39.4,101522.0,40247,2.696598138,40.2764064,-75.21289959999999,71,3.4986632248547984
47393,1823,40.4,53698.0,18472,20.62534284,39.966543200000004,-85.0129509,0,2.413603949533736
69347,1113,52.6,40250.0,23501,11.85983827,42.5867186,-102.6675575,0,0.7187780772686433
8340,716,42.0,100250.0,39030,5.167597765,36.213002,-93.8660913,0,0.0
6516,55349,36.9,52353.0,26602,11.042656599999999,47.4404243,-92.2283866,0,7.024517154781478
55069,5450,37.7,54203.0,20182,10.99082569,45.695116799999994,-92.9521365,2,3.743119266055046
2169,55064,38.1,58669.0,32613,10.54227808,33.348093,-82.09281340000001,4,6.783016126688944
48221,39455,39.6,38588.0,20123,23.49005196,42.4349152,-83.15417959999999,83,10.244582435686224
6824,34864,38.5,128558.0,60182,4.692519504,47.5096429,-92.6038242,15,3.6312528682882057
37080,7962,44.3,61824.0,25231,8.013062045,36.3319963,-86.9223432,1,5.551369002763125
75149,58427,31.8,47739.0,19636,14.62337618,32.758351,-96.6103778,51,3.51378643435398
27826,963,49.4,38362.0,16651,16.61474559,35.5738935,-76.20155720000001,2,3.7383177570093458
62330,1852,39.5,39271.0,20130,14.63282937,40.588868,-91.09694,1,3.67170626349892
80545,629,61.5,40583.0,30261,27.18600954,40.824296600000004,-105.6647142,0,2.861685214626391
56289,671,47.7,57159.0,26149,3.8748137110000003,45.3482794,-95.2487647,1,0.44709388971684055
83313,3609,35.4,45168.0,23296,20.0055417,43.3662171,-114.2796699,0,4.405652535328346
4418,1632,42.0,37955.0,19692,17.76960784,32.525246700000004,-95.74745909999999,0,7.046568627450981
75454,5800,31.7,87125.0,29919,3.3103448280000003,33.2774174,-96.5463156,4,1.2586206896551724
33129,14198,38.9,54127.0,41352,13.81180448,25.756447100000003,-80.2056382,200,3.493449781659389
12942,724,44.4,42188.0,24003,20.5801105,44.266991,-73.77673979999999,1,2.7624309392265194
73014,1642,39.8,58264.0,26515,9.439707674,35.6172323,-98.1557066,1,4.080389768574909
85353,32308,26.7,50066.0,16046,14.97461929,33.4169563,-112.27416799999999,24,5.902562832734926
25431,219,50.5,31161.0,21822,12.32876712,39.49588,-78.56107,0,10.045662100456621
76943,3719,40.0,49643.0,22163,15.46114547,30.5146701,-101.07117579999999,0,4.006453347674106
5301,16819,44.1,49552.0,28510,13.57393424,46.6782059,-115.609296,0,4.096557464771984
79118,20026,34.6,62323.0,25783,11.954459199999999,35.10429310000001,-101.72960490000001,0,2.222111255368022
60421,3960,40.1,70485.0,30466,8.585858586,41.40575379999999,-88.1096118,2,6.691919191919192
55346,16405,40.8,100775.0,46370,3.2124352330000003,44.8814895,-93.4902391,70,2.9198415117342273
64455,315,50.6,43542.0,25407,16.50793651,40.180834600000004,-94.99744609999999,1,2.857142857142857
56726,1582,42.2,52235.0,27445,5.752212388999999,48.752125,-96.2297999,1,2.02275600505689
28371,6628,33.6,43365.0,18333,21.16777308,34.911919700000006,-78.99668879999999,8,3.983101991550996
71957,3004,54.9,35445.0,21459,16.67776298,34.5220817,-93.60152070000001,2,2.0639147802929427
52133,625,40.3,66333.0,26065,5.28,43.1141677,-91.6663523,0,1.28
67047,754,52.1,39500.0,20428,17.37400531,37.632842100000005,-96.0467429,1,1.9893899204244032
98409,23423,31.4,46886.0,21513,19.83520471,47.201942100000004,-122.4780243,128,7.718908764889211
25442,1734,35.0,73949.0,31249,6.978085352000001,39.371522,-77.8252923,10,7.90080738177624
57005,10610,34.6,69690.0,27832,7.80395853,43.6196972,-96.5996963,5,1.8661639962299716
22102,22146,40.2,112427.0,82461,3.7207622139999996,38.9586422,-77.22901929999999,124,3.485956831933532
4357,3393,43.4,59961.0,26571,8.871205423,34.614540999999996,-95.2749613,1,3.5661656351311524
20886,34023,34.0,77136.0,35177,8.003409458,39.186097,-77.2002745,84,3.500573141698263
69163,828,50.4,45481.0,25348,13.4057971,41.515569799999994,-100.5296115,1,0.4830917874396135
77807,10882,30.2,42154.0,19089,24.96783679,30.665990999999998,-96.47165799999999,0,4.466090792133799
30309,21074,35.0,71854.0,66311,10.29230331,33.797113700000004,-84.3804888,197,3.240960425168454
53576,2452,37.9,55893.0,22504,12.19412724,42.6071661,-89.2277026,1,4.649265905383361
28454,1813,42.6,20711.0,13553,27.854384999999997,34.6923643,-77.6307018,0,4.191947049089906
56371,132,52.1,51250.0,26395,4.545454545,45.433566600000006,-94.6389975,1,14.393939393939394
62373,314,42.2,58382.0,22406,4.458598726,40.240202200000006,-91.3083685,0,1.910828025477707
72007,6065,34.7,53125.0,21845,9.200329761,35.0114278,-91.99794109999999,19,6.72712283594394
43758,3517,39.5,43438.0,19770,21.35342622,39.6393367,-81.931657,6,3.5257321580892804
57219,727,50.1,57574.0,22913,5.777166437000001,45.2963479,-97.8048733,1,1.7881705639614855
77336,12022,36.0,62995.0,30721,9.632340709,30.072165899999998,-95.0911062,3,3.826318416236899
83841,171,60.8,26618.0,23912,0.0,48.165887100000006,-116.7578804,0,0.0
37727,2101,49.8,29779.0,20369,25.70204664,35.908066600000005,-83.01465259999999,0,7.23465016658734
4107,8993,48.4,98629.0,53526,3.180251307,32.161272,-94.92820400000001,0,1.4344490159012566
68947,622,45.5,56250.0,33158,5.78778135,40.2577563,-99.07922629999999,0,3.697749196141479
3104,33145,37.6,60468.0,32130,11.0423895,36.7531922,-85.3976136,3,3.6053703424347563
8002,22025,39.7,68465.0,34026,8.308740067999999,47.3601376,8.5293292,200,5.2894438138479005
65733,653,51.3,33618.0,16655,15.46707504,36.528886299999996,-92.85889279999999,0,5.666156202143951
18519,4838,41.6,38990.0,24672,11.6783795,41.463503499999995,-75.626628,93,3.7205456800330716
63128,29973,49.1,73440.0,39328,3.416408101,38.4948766,-90.3842527,96,2.588996763754045
98394,1567,39.1,57941.0,24595,4.977664327,47.3146613,-122.7741913,1,6.381620931716656
10309,32646,38.5,86297.0,35719,6.7665257610000005,40.5265593,-74.223802,110,2.487287876003186
57105,21984,38.2,52255.0,30000,8.956513828,43.521619,-96.72264100000001,166,1.8149563318777293
42762,531,42.3,30500.0,15664,18.45574388,37.4399698,-86.3934152,0,1.5065913370998116
55976,7480,37.5,53616.0,26641,6.99197861,43.8595945,-92.4801989,4,2.072192513368984
33496,22354,54.2,83138.0,64715,7.935939877000001,26.403990399999998,-80.1596041,125,3.2343204795562315
47431,1268,35.6,37500.0,19556,31.23028391,39.2274015,-86.8922723,0,3.2334384858044163
84093,23237,41.0,94938.0,40837,5.116839523,40.596416999999995,-111.8270486,110,2.9392778758015234
62063,1056,41.3,54074.0,25781,8.617424242,39.216644200000005,-90.1682271,1,6.628787878787879
2145,24659,33.0,55487.0,29355,16.34697271,-33.8173961,150.94818869999997,200,4.769049839815078
28782,6662,56.9,46713.0,28377,8.015610928,35.2542295,-82.116955,4,4.473131191834284
29001,1954,36.9,33205.0,17998,18.93551689,33.782323600000005,-80.1651854,0,5.731832139201638
3064,14533,40.6,64026.0,34045,11.64934976,30.407324199999998,-91.1021258,134,6.867129980045414
85611,963,53.1,50441.0,23419,9.345794393,31.672596999999996,-110.49771080000001,0,2.284527518172378
57021,395,34.5,81875.0,28762,2.784810127,43.261675200000006,-96.974604,0,0.25316455696202533
99102,519,35.4,43977.0,23766,11.75337187,46.789747399999996,-117.2503412,0,1.7341040462427746
76525,1113,44.9,42750.0,21032,11.32075472,31.4823544,-98.1557066,1,1.9766397124887691
43804,3750,25.4,36841.0,12923,28.85333333,40.4514728,-81.7458845,3,1.0933333333333333
21901,16786,37.3,65951.0,29821,12.21255808,39.5855017,-75.9579358,8,6.48159180269272
41835,967,50.9,43690.0,19524,29.47259566,37.214421200000004,-82.6645469,5,6.308169596690797
87029,218,54.4,29265.0,28152,18.34862385,36.456080799999995,-106.9594723,0,12.844036697247706
27288,23445,42.5,33800.0,18470,22.38430369,36.4919544,-79.7624177,10,6.585625933034763
44276,1879,40.2,52330.0,24753,13.51782863,40.9413645,-81.8333656,8,2.607770090473656
58331,116,53.5,69792.0,51149,1.724137931,48.62060579999999,-99.1062244,0,0.0
28697,12899,42.9,39945.0,25458,22.92425769,36.1365807,-81.229853,17,7.147840917900613
37398,13589,45.6,43330.0,24562,12.19368607,35.1747032,-86.11410450000001,18,4.775921701376113
94556,15064,47.4,120960.0,62600,4.155602762,37.835720200000004,-122.11782609999999,37,2.8611258629845993
71046,1491,37.9,41825.0,23280,10.99932931,32.1366223,-93.9266502,0,0.670690811535882
32409,8635,41.4,50461.0,24300,13.59583092,30.3424229,-85.7051116,1,4.829183555298205
13640,241,62.8,88125.0,48388,3.734439834,44.3125911,-75.9908334,4,0.0
48468,1440,55.2,38882.0,22710,13.05555556,43.9642956,-82.7994194,1,4.513888888888889
27317,16383,40.5,42295.0,22432,16.66971861,35.8392781,-79.7960523,6,6.63492644814747
44251,905,52.6,73021.0,47881,0.5524861879999999,41.0296799,-81.93029279999999,9,3.0939226519337018
95240,46482,33.1,41172.0,19814,22.97233338,38.1484821,-121.1022942,2,7.346929994406437
4268,4999,49.2,38629.0,21431,16.58331666,33.3178667,-94.6178524,0,4.540908181636327
2740,43308,37.4,34259.0,20649,24.51510114,35.9130399,-98.1210968,0,6.834764939503094
75640,4052,42.8,54423.0,22459,16.65844028,32.6978203,-94.70706159999999,1,5.972359328726554
63304,40094,39.8,85329.0,35568,4.3373073280000005,38.7036005,-90.6488505,61,3.471841173242879
32064,6841,34.4,24090.0,14169,35.87194855,30.2889718,-82.9985343,7,6.314866247624616
5658,1505,41.6,43958.0,22443,17.674418600000003,46.606687,-114.584356,0,5.3156146179401995
38152,818,19.8,,2691,0.0,35.1242857,-89.9360705,108,11.00244498777506
17263,597,47.0,63430.0,37458,15.41038526,39.722976700000004,-77.72464140000001,23,0.0
14555,1229,54.9,57500.0,30559,11.31000814,43.2605563,-76.98158769999999,2,3.824247355573637
46704,194,35.4,31089.0,13796,6.18556701,41.1036195,-85.2926152,19,0.0
65729,337,54.1,67350.0,32609,28.78338279,36.532899900000004,-92.5842062,0,0.0
60468,5847,41.5,75000.0,30813,3.4889687019999998,41.3200326,-87.7960067,2,6.396442620147084
60305,11183,41.4,113317.0,62034,5.651435214,41.89407620000001,-87.82058640000001,198,2.5663954216221048
52320,1109,46.6,59167.0,29853,9.738503156,42.0130002,-91.1544963,1,1.8034265103697025
17980,2963,45.3,50240.0,24934,10.76611542,40.596463,-76.5430429,6,3.3074586567667903
43157,606,32.6,27614.0,13239,32.34323432,39.8433948,-82.5496946,5,7.590759075907591
29113,2176,32.1,36875.0,13381,24.31066176,33.4229886,-81.1306391,0,4.641544117647059
957,46252,37.1,23736.0,11453,37.99619476,30.753465600000002,-91.080247,1,7.27752313413474
37737,5464,45.7,54405.0,29839,11.20058565,35.760459999999995,-84.1118458,1,6.222547584187408
55735,1802,49.0,40592.0,23097,15.53829079,46.2074923,-93.0263934,0,8.213096559378469
59522,1784,49.2,43036.0,25407,26.00896861,48.5176651,-111.05360230000001,3,1.9618834080717489
61067,645,49.6,40726.0,37925,8.062015504,42.3040907,-89.48366879999999,0,8.992248062015504
47926,932,35.9,50469.0,20121,8.690987124,40.716340100000004,-86.59053709999999,1,3.648068669527897
47436,1557,42.5,42042.0,18000,10.46885035,38.963881,-86.4086061,0,5.780346820809249
63138,20863,30.3,33691.0,17488,25.58596559,38.7994436,-90.2057108,17,8.105258112447874
88353,534,26.9,30179.0,12829,13.48314607,34.529008700000006,-105.12589550000001,0,2.4344569288389515
52217,447,47.8,40625.0,22426,7.606263982000001,42.07293,-92.4011124,1,2.9082774049217
37101,6388,41.1,50398.0,21198,12.7269881,36.0444297,-87.6383797,2,6.54351909830933
98012,52351,37.2,88283.0,39165,5.810777254,47.837259,-122.2155192,121,4.104983667933755
71031,1012,49.8,44250.0,20250,14.92094862,32.0275947,-92.91759549999999,0,3.7549407114624507
78565,216,41.3,8611.0,5960,90.27777778,26.2378647,-98.5583676,2,0.0
45780,3351,41.0,33892.0,17139,28.79737392,39.3676641,-82.1305609,15,1.5816174276335422
82932,1032,35.9,91115.0,40005,2.228682171,42.1543456,-109.4259114,0,2.2286821705426356
98270,46105,35.2,65130.0,26833,12.85543867,48.0563616,-122.14922240000001,40,5.520008675848606
22834,1092,38.6,40357.0,30224,8.882783883,38.5503911,-78.87223409999999,1,7.2344322344322345
62613,3774,37.8,60284.0,28806,5.9088500260000005,40.0013284,-89.6816208,1,3.2061473237943825
32444,19205,40.2,61233.0,28643,10.77323614,30.2371159,-85.6537627,34,3.5771934392085396
28663,709,39.6,36000.0,20294,13.39915374,36.540113399999996,-81.30693149999999,0,3.9492242595204514
18042,41921,35.2,45441.0,23227,15.42663581,40.6551234,-75.21289959999999,55,5.870566064740822
55802,2212,59.5,24674.0,31860,25.36166365,46.753402799999996,-92.0681618,44,5.786618444846293
77039,28151,27.2,38167.0,12255,29.73961849,29.906838699999998,-95.33639509999999,34,4.969628077155341
19944,551,63.7,62000.0,56948,2.3593466419999998,38.4656784,-75.0552739,12,1.4519056261343013
50525,3491,42.2,39200.0,25499,16.06989401,42.7624458,-93.78415030000001,5,2.8931538241191634
44273,6704,44.5,65368.0,30043,5.235680191,41.0123359,-81.8442934,13,3.967780429594272
17051,4693,42.6,43234.0,19984,9.71659919,40.4491629,-77.7680952,1,3.451949712337524
76706,36055,22.6,26398.0,14613,38.15004854,31.456042,-97.07135720000001,1,3.1812508667313826
23219,3284,25.4,19231.0,24403,38.79415347,37.5410261,-77.4386429,112,7.734470158343483
12723,2196,43.2,58102.0,25249,11.70309654,41.7682361,-75.0026972,5,4.280510018214936
64081,23549,41.3,76684.0,35039,5.507664869,38.9119463,-94.4136213,63,2.199668775744193
92310,9049,22.7,49778.0,19066,7.768814234,35.2682707,-116.7142835,2,2.917449441927285
38339,574,40.5,44500.0,21109,26.65505226,35.0627165,-88.5081765,1,5.574912891986063
5454,4754,38.7,74911.0,31192,2.6924694989999995,47.3956791,8.348647900000001,66,2.124526714345814
12450,204,58.7,22200.0,20052,15.68627451,42.127653,-74.22967129999999,0,0.0
58259,384,54.1,48295.0,31803,4.947916667,48.0513919,-98.12995190000001,1,0.0
96818,51522,31.3,70850.0,26894,8.551686658,21.34853,-157.9583246,45,2.416443461045767
42025,19744,43.2,42310.0,21348,11.51742301,36.8138037,-88.362785,10,4.411466774716369
47003,1029,41.0,39519.0,19997,16.71525753,39.5221256,-84.8411536,10,4.859086491739553
29468,1768,43.8,19663.0,28526,37.27375566,33.4205299,-80.07584250000001,0,8.427601809954751
83849,1780,49.0,37946.0,22393,5.561797753,47.537960299999995,-115.9890696,3,7.921348314606742
13326,5456,50.4,57375.0,35094,8.431085044,42.7284259,-74.8974925,8,2.8042521994134897
93605,243,49.2,84375.0,34293,1.646090535,37.189064200000004,-119.2437011,0,0.0
97016,6714,45.6,57153.0,25154,14.38784629,46.052225899999996,-123.2831436,0,5.540661304736372
44143,24044,48.5,60265.0,34714,6.034769589,41.5544029,-81.4828198,111,4.325403427050407
98591,3837,49.0,50488.0,24795,10.50299713,46.464276899999994,-122.7398348,0,3.3359395360959083
37191,4226,39.3,63393.0,28185,7.311878845,36.5197091,-87.5593613,0,3.8334122101277806
73560,609,26.9,28942.0,17101,29.22824302,34.519324499999996,-99.4339343,0,1.477832512315271
87583,115,60.4,4955.0,5947,63.47826087,35.2256813,-105.3248269,0,0.0
5261,2835,45.0,56667.0,25144,10.26455026,35.72599279999999,-93.54988879999999,0,3.1746031746031744
21750,3999,38.6,47857.0,21608,11.10277569,39.6931059,-78.27039509999999,2,4.726181545386346
72039,2402,40.8,33857.0,19838,22.98084929,35.344028200000004,-92.4406387,2,3.996669442131557
62673,697,35.9,60179.0,19800,17.36011478,40.094056099999996,-89.97201329999999,0,3.2998565279770444
41540,235,40.2,62672.0,24235,9.787234043,37.384561700000006,-82.32891109999998,3,5.957446808510638
57315,1141,40.3,44813.0,21359,16.38913234,42.9871112,-98.068343,1,0.9640666082383874
20615,424,43.4,114375.0,43920,5.188679245,38.413216600000005,-76.5546031,2,20.28301886792453
27298,8969,45.4,43097.0,23966,11.91883153,35.874798999999996,-79.582819,4,4.783141933325901
5053,331,56.1,70227.0,39193,10.57401813,33.053688199999996,-89.4169995,0,3.0211480362537766
79764,20868,34.2,50556.0,21883,13.72436266,31.8840886,-102.4953899,0,3.5748514471918726
757,23231,34.3,18033.0,9412,48.99487753,30.517734899999997,-92.48883029999999,8,4.024794455684215
74643,453,39.5,43214.0,22991,8.167770419,36.6706849,-97.5680595,1,2.6490066225165565
82327,792,39.8,34531.0,22759,25.25252525,42.140988899999996,-106.67629199999999,0,7.3232323232323235
44093,1104,37.8,32344.0,20559,42.21014493,41.5267526,-80.62159100000001,2,5.706521739130435
90210,21548,46.4,132254.0,111364,7.420642287000001,6.5858886,100.9354944,4,3.410989418971598
91207,10435,45.6,91005.0,47259,4.532822233,34.1893001,-118.27020359999999,146,3.0091039770004793
37067,23391,37.6,95155.0,45675,3.266213501,35.9046545,-86.7718017,76,2.2444529947415672
57369,2344,47.7,46196.0,23758,8.361774744,43.400581,-98.96870109999999,0,0.3412969283276451
45897,155,45.3,,8999,50.96774194,40.84029879999999,-83.66144,3,31.612903225806452
25165,451,41.1,49886.0,24418,9.312638581,38.1513972,-81.6528219,1,0.0
45005,29997,40.5,52016.0,24292,9.850985098999999,39.543358000000005,-84.3016021,47,5.713904723805714
99661,1243,39.6,71250.0,27423,18.66452132,55.2693058,-160.67489640000002,0,2.574416733708769
1430,6119,42.4,83532.0,34454,6.896551724,36.448913,-78.578365,0,4.167347605817944
78122,200,56.6,30610.0,20433,13.0,29.4165096,-97.6873706,0,0.0
50433,206,45.4,55781.0,41122,3.8834951460000005,42.920982,-93.03759140000001,1,2.912621359223301
59802,19292,33.0,37931.0,25060,22.29939871,46.9539821,-113.91200990000002,0,6.225378395189716
3077,10218,39.5,61488.0,27774,6.517909571000001,30.225198600000002,-93.3593315,20,5.656684282638481
22191,61863,30.9,79198.0,31401,10.41494916,38.6317233,-77.25201009999999,57,3.9829946817968738
12769,142,50.2,48750.0,29437,27.46478873,41.6431129,-74.4481662,0,0.0
21053,3227,45.5,90361.0,36118,3.811589712,39.6970138,-76.72210820000001,7,2.386117136659436
48851,2493,36.5,53704.0,22288,8.182912154,42.9652441,-84.9193082,1,5.535499398315283
6377,2787,38.5,71509.0,28464,7.786149982,46.9614316,8.5753299,17,6.530319339791891
88321,117,57.4,27054.0,31962,10.25641026,34.703267700000005,-105.45367179999998,0,0.0
14131,4756,47.9,57500.0,27970,9.440706476,43.2320594,-78.9061921,1,5.046257359125315
96084,593,55.0,31897.0,23506,16.69477234,40.904810100000006,-122.0229676,0,2.866779089376054
41763,645,41.6,36827.0,16535,17.98449612,37.0495523,-83.11664379999999,0,0.6201550387596899
35005,8150,38.2,46059.0,21273,17.86503067,33.6047446,-87.0424393,2,7.141104294478527
84116,33574,29.2,42235.0,15888,21.27241318,40.8038325,-112.02379029999999,7,6.388872341692977
55419,26808,36.8,94177.0,49251,8.075947478,44.906135799999994,-93.2885455,162,4.879140555058192
79778,900,44.6,61806.0,28706,10.44444444,31.187031599999997,-101.91198709999999,1,1.2222222222222223
16930,1348,41.0,44934.0,20611,15.05934718,41.5701913,-77.1255055,1,3.9317507418397626
74438,265,31.6,46875.0,14888,17.35849057,35.51988660000001,-95.75134940000001,0,9.433962264150944
25401,14987,34.7,36600.0,21158,27.20357643,39.4529363,-77.96815440000002,32,7.019416827917529
53816,942,33.4,44375.0,18813,29.29936306,42.9580239,-90.84845240000001,1,2.4416135881104033
72856,528,52.1,31016.0,24773,9.28030303,35.778108700000004,-93.0676373,0,2.6515151515151514
42366,5847,43.2,63170.0,26182,4.9769112369999995,37.7060405,-86.96240859999999,0,3.0442962202839063
54120,111,53.5,31250.0,19959,11.71171171,45.721700899999995,-88.3800868,0,4.504504504504505
23389,136,73.3,,13575,0.0,37.650281799999995,-75.8388698,0,12.5
1922,3025,44.4,109301.0,40983,2.1818181819999998,38.3035226,-85.0085446,1,1.487603305785124
99753,279,19.9,28333.0,8987,53.76344086,64.9424911,-161.12758090000003,0,11.827956989247312
16636,801,47.6,42303.0,21236,14.48189763,40.594001,-78.48656020000001,0,3.1210986267166043
95051,53152,36.1,100504.0,43487,6.865216737000001,37.3598283,-121.98143540000001,176,5.166315472606863
55433,34024,36.3,59258.0,27493,9.972372443,45.1670628,-93.31326240000001,64,5.260992240771221
76556,1392,50.7,39375.0,21201,17.52873563,30.689776199999997,-96.8994495,0,3.8793103448275863
14304,29745,44.7,47878.0,25791,11.23213986,43.0939533,-78.9627624,20,4.437720625315179
